Component,Description,Part,References,Value,Footprint,Quantity Per PCB,Datasheet
1,Arduino Nano v3.x,Arduino_Nano_v3.x,A1,Arduino_Nano_v3.x,Arduino_Nano,1,http://www.mouser.com/pdfdocs/Gravitech_Arduino_Nano3_0.pdf
2,LED generic,LED,D6,LED 0-12V,LED_D5.0mm_Clear,1,~
3,LED generic,LED,D7,LED 12-42V,LED_D5.0mm_Clear,1,~
4,LED generic,LED,D3,LED 12V,LED_D5.0mm_Clear,1,~
5,LED generic,LED,D4,LED 3V3,LED_D5.0mm_Clear,1,~
6,LED generic,LED,D5,LED 5V,LED_D5.0mm_Clear,1,~
7,LED generic,LED,D9,LED C_MTR,LED_D5.0mm_Clear,1,~
8,LED generic,LED,D8,LED OSCL,LED_D5.0mm_Clear,1,~
9,LED generic,LED,D2,LED PWR,LED_D5.0mm_Clear,1,~
10,LED generic,LED,D1,LED SI_PWR,LED_D5.0mm_Clear,1,~
11,"Generic connector, single row, 01x10, script generated (kicad-library-utils/schlib/autogen/connector/)",Conn_01x11_ATX,J1,ATX Input,PinHeader_1x11_P2.54mm_Vertical_ATX,1,~
12,"Generic connector, single row, 01x03, script generated (kicad-library-utils/schlib/autogen/connector/)",Conn_01x03_Male_POTS,J10,Component Meter,PinHeader_1x03_P2.54mm_Vertical_Pots,1,~
13,"Generic connector, single row, 01x04, script generated (kicad-library-utils/schlib/autogen/connector/)",Conn_01x04_VR,J5,DC-DC-BOOST-12-42V-BREAKOUT,PinHeader_1x04_P2.54mm_Vertical,1,~
14,"Generic connector, single row, 01x04, script generated (kicad-library-utils/schlib/autogen/connector/)",Conn_01x04_I2C,J8,I2C Screen Connector,PinHeader_1x04_P2.54mm_Vertical_I2C,1,~
15,"Generic connector, single row, 01x04, script generated (kicad-library-utils/schlib/autogen/connector/)",Conn_01x04_VR,J6,LM2596S-0-12V-BREAKOUT,PinHeader_1x04_P2.54mm_Vertical,1,~
16,"Generic connector, single row, 01x05, script generated (kicad-library-utils/schlib/autogen/connector/)",MAX6675_BreakOut_Connector,J7,MAX6675_BreakOut_Connector,PinHeader_1x05_P2.54mm_Vertical_MAX6675,1,~
17,"Generic connector, single row, 01x03, script generated (kicad-library-utils/schlib/autogen/connector/)",Conn_01x03_Male_POTS,J4,Oscilloscope,PinHeader_1x03_P2.54mm_Vertical_Pots,1,~
18,"Generic connector, single row, 01x03, script generated (kicad-library-utils/schlib/autogen/connector/)",Conn_01x03_Male_POTS,J3,SI_Temperature_Set_POTS,PinHeader_1x03_P2.54mm_Vertical_Pots,1,~
19,"Generic connector, single row, 01x04, script generated (kicad-library-utils/schlib/autogen/connector/)",Soldering_Iron_Connector,J2,Soldering_Iron_Connector,PinHeader_1x02_P2.54mm_Vertical_SI,1,~
20,"Generic connector, single row, 01x10, script generated (kicad-library-utils/schlib/autogen/connector/)",Vout,J9,Vout,PinHeader_1x10_P2.54mm_Vertical_VOUT,1,~
21,speaker,Speaker,LS1,Speaker,PinSocket_1x02_P2.54mm_Vertical,1,~
22,"5A Ic, 60V Vce, Silicon Darlington Power NPN Transistor, TO-220",TIP120,Q1-PSW1 Q2-SI1,TIP120,TO-220-3_Vertical,2,http://www.fairchildsemi.com/ds/TI/TIP120.pdf
23,Resistor,R,R6 R10 R13 R16,1.8K,R_Axial_DIN0411_L9.9mm_D3.6mm_P5.08mm_Vertical,4,~
24,Resistor,R,R14,12K,R_Axial_DIN0411_L9.9mm_D3.6mm_P5.08mm_Vertical,1,~
25,Resistor,R,R11,182,R_Axial_DIN0411_L9.9mm_D3.6mm_P5.08mm_Vertical,1,~
26,Resistor,R,R7,1K,R_Axial_DIN0411_L9.9mm_D3.6mm_P5.08mm_Vertical,1,~
27,Resistor,R,R2 R12 R19,220,R_Axial_DIN0411_L9.9mm_D3.6mm_P5.08mm_Vertical,3,~
28,Resistor,R,R18,24K,R_Axial_DIN0411_L9.9mm_D3.6mm_P5.08mm_Vertical,1,~
29,Resistor,R,R15 R17 R20,2K,R_Axial_DIN0411_L9.9mm_D3.6mm_P5.08mm_Vertical,3,~
30,Resistor,R,R9,33,R_Axial_DIN0411_L9.9mm_D3.6mm_P5.08mm_Vertical,1,~
31,Resistor,R,R1 R3 R4 R5 R8,4.7K,R_Axial_DIN0411_L9.9mm_D3.6mm_P5.08mm_Vertical,5,~
32,"Push button switch, generic, two pins",SW_Push,SW1,PWRSW,PinHeader_1x02_P2.54mm_Vertical,1,





Component Groups:,32
Component Count:,44
Fitted Components:,44
Number of PCBs:,1
Total components:,44
Schematic Version:,1.0
Schematic Date:,2018-09-06
BoM Date:,2/10/2018 10:30:21 
Schematic Source:,D:\data\gdrive\BenchPSU\bench-electronics-v2.ino\bench-PSU\bench-PSU.sch
KiCad Version:,Eeschema (5.0.0)
