"Id";"Designator";"Package";"Quantity";"Designation";"Supplier and ref";
1;",,,";"MountingHole_3.2mm_M3";4;"Mount_M3";;;
2;"J9";"PinHeader_1x10_P2.54mm_Vertical_VOUT";1;"Vout";;;
3;"J3";"PinHeader_1x03_P2.54mm_Vertical_Pots";1;"SI_Temperature_Set_POTS";;;
4;"SW1";"PinHeader_1x02_P2.54mm_Vertical";1;"PWRSW";;;
5;"J1";"PinHeader_1x11_P2.54mm_Vertical_ATX";1;"ATX Input";;;
6;"LS1";"PinSocket_1x02_P2.54mm_Vertical";1;"Speaker";;;
7;"D2";"LED_D5.0mm_Clear";1;"LED PWR";;;
8;"D3";"LED_D5.0mm_Clear";1;"LED 12V";;;
9;"D4";"LED_D5.0mm_Clear";1;"LED 3V3";;;
10;"D5";"LED_D5.0mm_Clear";1;"LED 5V";;;
11;"D6";"LED_D5.0mm_Clear";1;"LED 0-12V";;;
12;"D7";"LED_D5.0mm_Clear";1;"LED 12-42V";;;
13;"D1";"LED_D5.0mm_Clear";1;"LED SI_PWR";;;
14;"A1";"Arduino_Nano";1;"Arduino_Nano_v3.x";;;
15;"Q1-PSW1,Q2-SI1";"TO-220-3_Vertical";2;"TIP120";;;
16;"R9";"R_Axial_DIN0411_L9.9mm_D3.6mm_P5.08mm_Vertical";1;"33";;;
17;"R13,R16,R10,R6";"R_Axial_DIN0411_L9.9mm_D3.6mm_P5.08mm_Vertical";4;"1.8K";;;
18;"R18";"R_Axial_DIN0411_L9.9mm_D3.6mm_P5.08mm_Vertical";1;"24K";;;
19;"R17,R15";"R_Axial_DIN0411_L9.9mm_D3.6mm_P5.08mm_Vertical";2;"2K";;;
20;"R14";"R_Axial_DIN0411_L9.9mm_D3.6mm_P5.08mm_Vertical";1;"12K";;;
21;"R12,R2";"R_Axial_DIN0411_L9.9mm_D3.6mm_P5.08mm_Vertical";2;"220";;;
22;"R7";"R_Axial_DIN0411_L9.9mm_D3.6mm_P5.08mm_Vertical";1;"1K";;;
23;"R5,R3,R1,R8,R4";"R_Axial_DIN0411_L9.9mm_D3.6mm_P5.08mm_Vertical";5;"4.7K";;;
24;"R11";"R_Axial_DIN0411_L9.9mm_D3.6mm_P5.08mm_Vertical";1;"182";;;
25;"J2";"PinHeader_1x02_P2.54mm_Vertical_SI";1;"Soldering_Iron_Connector";;;
26;"J5";"PinHeader_1x04_P2.54mm_Vertical";1;"DC-DC-BOOST-12-42V-BREAKOUT";;;
27;"J6";"PinHeader_1x04_P2.54mm_Vertical";1;"LM2596S-0-12V-BREAKOUT";;;
28;"J8";"PinHeader_1x04_P2.54mm_Vertical_I2C";1;"I2C Screen Connector";;;
29;"J7";"PinHeader_1x05_P2.54mm_Vertical_MAX6675";1;"MAX6675_BreakOut_Connector";;;
