<?xml version="1.0" encoding="UTF-8"?>
<export version="D">
  <design>
    <source>E:\gdrive\BenchPSU\bench-electronics-v2.ino\bench-PSU-NeoPixel-ATX - Mega-TFT-HeatGun\bench-PSU.sch</source>
    <date>12/6/2019 3:36:02 μμ</date>
    <tool>Eeschema (5.1.2)-1</tool>
    <sheet number="1" name="/" tstamps="/">
      <title_block>
        <title>Bench Multi Station TFT With Soldering Iron and Hot Air Gun</title>
        <company>G. Tsintaris</company>
        <rev>7.1</rev>
        <date>2019-06-05</date>
        <source>bench-PSU.sch</source>
        <comment number="1" value=""/>
        <comment number="2" value=""/>
        <comment number="3" value=""/>
        <comment number="4" value=""/>
      </title_block>
    </sheet>
  </design>
  <components>
    <comp ref="LS1">
      <value>Speaker</value>
      <footprint>Connector_PinSocket_2.54mm:PinSocket_1x02_P2.54mm_Vertical</footprint>
      <datasheet>~</datasheet>
      <libsource lib="Device" part="Speaker" description="Speaker"/>
      <sheetpath names="/" tstamps="/"/>
      <tstamp>5B8E4632</tstamp>
    </comp>
    <comp ref="R3">
      <value>4.7K</value>
      <footprint>Resistor_THT:R_Axial_DIN0411_L9.9mm_D3.6mm_P5.08mm_Vertical</footprint>
      <datasheet>~</datasheet>
      <libsource lib="Device" part="R" description="Resistor"/>
      <sheetpath names="/" tstamps="/"/>
      <tstamp>5B8E4D8A</tstamp>
    </comp>
    <comp ref="R4">
      <value>1K</value>
      <footprint>Resistor_THT:R_Axial_DIN0411_L9.9mm_D3.6mm_P5.08mm_Vertical</footprint>
      <datasheet>~</datasheet>
      <libsource lib="Device" part="R" description="Resistor"/>
      <sheetpath names="/" tstamps="/"/>
      <tstamp>5B8E4E18</tstamp>
    </comp>
    <comp ref="SW1">
      <value>PWRSW</value>
      <footprint>Connector_PinHeader_2.54mm:PinHeader_1x02_P2.54mm_Vertical</footprint>
      <libsource lib="Switch" part="SW_Push" description="Push button switch, generic, two pins"/>
      <sheetpath names="/" tstamps="/"/>
      <tstamp>5B8EF720</tstamp>
    </comp>
    <comp ref="R5">
      <value>4.7K</value>
      <footprint>Resistor_THT:R_Axial_DIN0411_L9.9mm_D3.6mm_P5.08mm_Vertical</footprint>
      <datasheet>~</datasheet>
      <libsource lib="Device" part="R" description="Resistor"/>
      <sheetpath names="/" tstamps="/"/>
      <tstamp>5B8F2E83</tstamp>
    </comp>
    <comp ref="R13">
      <value>1.8K</value>
      <footprint>Resistor_THT:R_Axial_DIN0411_L9.9mm_D3.6mm_P5.08mm_Vertical</footprint>
      <datasheet>~</datasheet>
      <libsource lib="Device" part="R" description="Resistor"/>
      <sheetpath names="/" tstamps="/"/>
      <tstamp>5BA2B2EB</tstamp>
    </comp>
    <comp ref="R16">
      <value>1.8K</value>
      <footprint>Resistor_THT:R_Axial_DIN0411_L9.9mm_D3.6mm_P5.08mm_Vertical</footprint>
      <datasheet>~</datasheet>
      <libsource lib="Device" part="R" description="Resistor"/>
      <sheetpath names="/" tstamps="/"/>
      <tstamp>5BA2B2F1</tstamp>
    </comp>
    <comp ref="R10">
      <value>1.8K</value>
      <footprint>Resistor_THT:R_Axial_DIN0411_L9.9mm_D3.6mm_P5.08mm_Vertical</footprint>
      <datasheet>~</datasheet>
      <libsource lib="Device" part="R" description="Resistor"/>
      <sheetpath names="/" tstamps="/"/>
      <tstamp>5BA2B2F7</tstamp>
    </comp>
    <comp ref="R6">
      <value>1.8K</value>
      <footprint>Resistor_THT:R_Axial_DIN0411_L9.9mm_D3.6mm_P5.08mm_Vertical</footprint>
      <datasheet>~</datasheet>
      <libsource lib="Device" part="R" description="Resistor"/>
      <sheetpath names="/" tstamps="/"/>
      <tstamp>5BA2B2FD</tstamp>
    </comp>
    <comp ref="R14">
      <value>4.7K</value>
      <footprint>Resistor_THT:R_Axial_DIN0411_L9.9mm_D3.6mm_P5.08mm_Vertical</footprint>
      <datasheet>~</datasheet>
      <libsource lib="Device" part="R" description="Resistor"/>
      <sheetpath names="/" tstamps="/"/>
      <tstamp>5BA371EC</tstamp>
    </comp>
    <comp ref="R18">
      <value>27K</value>
      <footprint>Resistor_THT:R_Axial_DIN0411_L9.9mm_D3.6mm_P5.08mm_Vertical</footprint>
      <datasheet>~</datasheet>
      <libsource lib="Device" part="R" description="Resistor"/>
      <sheetpath names="/" tstamps="/"/>
      <tstamp>5BA371F2</tstamp>
    </comp>
    <comp ref="R11">
      <value>1K</value>
      <footprint>Resistor_THT:R_Axial_DIN0411_L9.9mm_D3.6mm_P5.08mm_Vertical</footprint>
      <datasheet>~</datasheet>
      <libsource lib="Device" part="R" description="Resistor"/>
      <sheetpath names="/" tstamps="/"/>
      <tstamp>5BA371F8</tstamp>
    </comp>
    <comp ref="R8">
      <value>4.7K</value>
      <footprint>Resistor_THT:R_Axial_DIN0411_L9.9mm_D3.6mm_P5.08mm_Vertical</footprint>
      <datasheet>~</datasheet>
      <libsource lib="Device" part="R" description="Resistor"/>
      <sheetpath names="/" tstamps="/"/>
      <tstamp>5BA371FE</tstamp>
    </comp>
    <comp ref="J6">
      <value>0-12V</value>
      <footprint>libs:PinHeader_1x04_P2.54mm_Vertical</footprint>
      <datasheet>~</datasheet>
      <libsource lib="bench-PSU-rescue" part="Conn_01x04_VR-Custom_Connectors" description=""/>
      <sheetpath names="/" tstamps="/"/>
      <tstamp>5BA27026</tstamp>
    </comp>
    <comp ref="J5">
      <value>12-42V</value>
      <footprint>libs:PinHeader_1x04_P2.54mm_Vertical</footprint>
      <datasheet>~</datasheet>
      <libsource lib="bench-PSU-rescue" part="Conn_01x04_VR-Custom_Connectors" description=""/>
      <sheetpath names="/" tstamps="/"/>
      <tstamp>5BA7F4CD</tstamp>
    </comp>
    <comp ref="J9">
      <value>Vout</value>
      <footprint>libs:PinHeader_1x10_P2.54mm_Vertical_VOUT</footprint>
      <datasheet>~</datasheet>
      <libsource lib="bench-PSU-rescue" part="Vout-Custom_Connectors" description=""/>
      <sheetpath names="/" tstamps="/"/>
      <tstamp>5B976D82</tstamp>
    </comp>
    <comp ref="J3">
      <value>SI Temp SEL</value>
      <footprint>libs:PinHeader_1x03_P2.54mm_Vertical_Pots</footprint>
      <datasheet>~</datasheet>
      <libsource lib="bench-PSU-rescue" part="Conn_01x03_Male_POTS-Custom_Connectors" description=""/>
      <sheetpath names="/" tstamps="/"/>
      <tstamp>5BA31B69</tstamp>
    </comp>
    <comp ref="J10">
      <value>Cmpnt Mtr</value>
      <footprint>libs:PinHeader_1x03_P2.54mm_Vertical_Pots</footprint>
      <datasheet>~</datasheet>
      <libsource lib="bench-PSU-rescue" part="Conn_01x03_Male_POTS-Custom_Connectors" description=""/>
      <sheetpath names="/" tstamps="/"/>
      <tstamp>5BB9D0B7</tstamp>
    </comp>
    <comp ref="Q1-PSW1">
      <value>NPN</value>
      <footprint>Package_TO_SOT_THT:TO-92_Inline_Wide</footprint>
      <datasheet>http://www.onsemi.com/pub_link/Collateral/2N2219-D.PDF</datasheet>
      <libsource lib="Transistor_BJT" part="2N2219" description="800mA Ic, 50V Vce, NPN Transistor, TO-39"/>
      <sheetpath names="/" tstamps="/"/>
      <tstamp>5BBC1117</tstamp>
    </comp>
    <comp ref="Q2-SI1">
      <value>NPN MOS</value>
      <footprint>Package_TO_SOT_THT:TO-220-3_Vertical</footprint>
      <datasheet>~</datasheet>
      <libsource lib="Device" part="Q_NMOS_GSD" description="N-MOSFET transistor, gate/source/drain"/>
      <sheetpath names="/" tstamps="/"/>
      <tstamp>5C07B3BF</tstamp>
    </comp>
    <comp ref="R21">
      <value>4.7K</value>
      <footprint>Resistor_THT:R_Axial_DIN0411_L9.9mm_D3.6mm_P5.08mm_Vertical</footprint>
      <datasheet>~</datasheet>
      <libsource lib="Device" part="R" description="Resistor"/>
      <sheetpath names="/" tstamps="/"/>
      <tstamp>5BE059A4</tstamp>
    </comp>
    <comp ref="R22">
      <value>4.7K</value>
      <footprint>Resistor_THT:R_Axial_DIN0411_L9.9mm_D3.6mm_P5.08mm_Vertical</footprint>
      <datasheet>~</datasheet>
      <libsource lib="Device" part="R" description="Resistor"/>
      <sheetpath names="/" tstamps="/"/>
      <tstamp>5BE05DCC</tstamp>
    </comp>
    <comp ref="U1">
      <value>Neopixel Array</value>
      <footprint>Connector_PinHeader_2.54mm:PinHeader_1x04_P2.54mm_Vertical</footprint>
      <libsource lib="bench-PSU-rescue" part="NEOPIXEL_STICK-rur" description=""/>
      <sheetpath names="/" tstamps="/"/>
      <tstamp>5BFFCBD1</tstamp>
    </comp>
    <comp ref="D2">
      <value>LED PWR</value>
      <footprint>LED_THT:LED_D5.0mm_Clear</footprint>
      <datasheet>~</datasheet>
      <libsource lib="Device" part="LED" description="Light emitting diode"/>
      <sheetpath names="/" tstamps="/"/>
      <tstamp>5B8F7C2F</tstamp>
    </comp>
    <comp ref="R2">
      <value>220</value>
      <footprint>Resistor_THT:R_Axial_DIN0411_L9.9mm_D3.6mm_P5.08mm_Vertical</footprint>
      <datasheet>~</datasheet>
      <libsource lib="Device" part="R" description="Resistor"/>
      <sheetpath names="/" tstamps="/"/>
      <tstamp>5B8F7B5F</tstamp>
    </comp>
    <comp ref="JP1">
      <value>Jumper</value>
      <footprint>Connector_PinHeader_2.54mm:PinHeader_1x02_P2.54mm_Vertical</footprint>
      <datasheet>~</datasheet>
      <libsource lib="Device" part="Jumper" description="Jumper, normally closed"/>
      <sheetpath names="/" tstamps="/"/>
      <tstamp>5BE3035A</tstamp>
    </comp>
    <comp ref="J19">
      <value>MAX VSEL</value>
      <footprint>libs:PinHeader_1x03_P2.54mm_VSEL</footprint>
      <datasheet>~</datasheet>
      <libsource lib="bench-PSU-rescue" part="Connector_V_Selector-Connector_JP" description=""/>
      <sheetpath names="/" tstamps="/"/>
      <tstamp>5C4762A4</tstamp>
    </comp>
    <comp ref="J1">
      <value>ATX24</value>
      <footprint>Connector_Molex:Molex_Mini-Fit_Jr_5566-24A_2x12_P4.20mm_Vertical</footprint>
      <libsource lib="bench-PSU-rescue" part="ATX24-atx24" description=""/>
      <sheetpath names="/" tstamps="/"/>
      <tstamp>5C3D0031</tstamp>
    </comp>
    <comp ref="IC1">
      <value>MAX_IC</value>
      <footprint>libs:SO08</footprint>
      <datasheet>Maxim Integrated</datasheet>
      <fields>
        <field name="Field4">None</field>
        <field name="Field5">MAX6675</field>
        <field name="Field7">Unavailable</field>
        <field name="Field8">None</field>
      </fields>
      <libsource lib="bench-PSU-rescue" part="MAX6675-MAX6675" description=""/>
      <sheetpath names="/" tstamps="/"/>
      <tstamp>5C3D30F0</tstamp>
    </comp>
    <comp ref="J11">
      <value>Thermocouple</value>
      <footprint>Connector_PinHeader_2.54mm:PinHeader_1x02_P2.54mm_Vertical</footprint>
      <datasheet>~</datasheet>
      <libsource lib="Connector" part="Screw_Terminal_01x02" description="Generic screw terminal, single row, 01x02, script generated (kicad-library-utils/schlib/autogen/connector/)"/>
      <sheetpath names="/" tstamps="/"/>
      <tstamp>5C5E71EC</tstamp>
    </comp>
    <comp ref="C5">
      <value>0.1uF</value>
      <footprint>Capacitor_THT:CP_Radial_Tantal_D4.5mm_P2.50mm</footprint>
      <datasheet>~</datasheet>
      <libsource lib="pspice" part="C" description="Capacitor symbol for simulation only"/>
      <sheetpath names="/" tstamps="/"/>
      <tstamp>5C694DF1</tstamp>
    </comp>
    <comp ref="J13">
      <value>SI VSEL</value>
      <footprint>libs:PinHeader_1x03_P2.54mm_VSEL_EXT_V</footprint>
      <libsource lib="bench-PSU-rescue" part="Connector_V_Selector-Connector_JP_EXT" description=""/>
      <sheetpath names="/" tstamps="/"/>
      <tstamp>5CD1114B</tstamp>
    </comp>
    <comp ref="J12">
      <value>Ext. SI Voltage</value>
      <footprint>Connector_PinHeader_2.54mm:PinHeader_1x02_P2.54mm_Vertical</footprint>
      <datasheet>~</datasheet>
      <libsource lib="Connector" part="Screw_Terminal_01x02" description="Generic screw terminal, single row, 01x02, script generated (kicad-library-utils/schlib/autogen/connector/)"/>
      <sheetpath names="/" tstamps="/"/>
      <tstamp>5CDFB366</tstamp>
    </comp>
    <comp ref="J14">
      <value>5V_A</value>
      <footprint>libs:PinHeader_1x03_P2.54mm_Vertical_Curr_Sensor</footprint>
      <libsource lib="bench-PSU-rescue" part="Connector_Curr_Sensor" description=""/>
      <sheetpath names="/" tstamps="/"/>
      <tstamp>5CAC6868</tstamp>
    </comp>
    <comp ref="J15">
      <value>3V3_A</value>
      <footprint>libs:PinHeader_1x03_P2.54mm_Vertical_Curr_Sensor</footprint>
      <libsource lib="bench-PSU-rescue" part="Connector_Curr_Sensor" description=""/>
      <sheetpath names="/" tstamps="/"/>
      <tstamp>5CAE2D50</tstamp>
    </comp>
    <comp ref="J16">
      <value>12V_A</value>
      <footprint>libs:PinHeader_1x03_P2.54mm_Vertical_Curr_Sensor</footprint>
      <libsource lib="bench-PSU-rescue" part="Connector_Curr_Sensor" description=""/>
      <sheetpath names="/" tstamps="/"/>
      <tstamp>5CAE3AE4</tstamp>
    </comp>
    <comp ref="J17">
      <value>42VR_A</value>
      <footprint>libs:PinHeader_1x03_P2.54mm_Vertical_Curr_Sensor</footprint>
      <libsource lib="bench-PSU-rescue" part="Connector_Curr_Sensor" description=""/>
      <sheetpath names="/" tstamps="/"/>
      <tstamp>5CAE47C7</tstamp>
    </comp>
    <comp ref="J18">
      <value>12VR_A</value>
      <footprint>libs:PinHeader_1x03_P2.54mm_Vertical_Curr_Sensor</footprint>
      <libsource lib="bench-PSU-rescue" part="Connector_Curr_Sensor" description=""/>
      <sheetpath names="/" tstamps="/"/>
      <tstamp>5CAE5DFD</tstamp>
    </comp>
    <comp ref="J20">
      <value>TFT Sceen</value>
      <footprint>Connector_PinHeader_2.54mm:PinHeader_1x12_P2.54mm_Vertical</footprint>
      <datasheet>~</datasheet>
      <libsource lib="Connector" part="Conn_01x12_Male" description="Generic connector, single row, 01x12, script generated (kicad-library-utils/schlib/autogen/connector/)"/>
      <sheetpath names="/" tstamps="/"/>
      <tstamp>5CAC68DE</tstamp>
    </comp>
    <comp ref="J21">
      <value>BL-5V</value>
      <footprint>Connector_PinHeader_2.54mm:PinHeader_1x03_P2.54mm_Vertical</footprint>
      <datasheet>~</datasheet>
      <libsource lib="Connector" part="Conn_01x03_Male" description="Generic connector, single row, 01x03, script generated (kicad-library-utils/schlib/autogen/connector/)"/>
      <sheetpath names="/" tstamps="/"/>
      <tstamp>5CAF6FED</tstamp>
    </comp>
    <comp ref="J22">
      <value>HG Temp SEL</value>
      <footprint>libs:PinHeader_1x03_P2.54mm_Vertical_Pots</footprint>
      <datasheet>~</datasheet>
      <libsource lib="bench-PSU-rescue" part="Conn_01x03_Male_POTS-Custom_Connectors" description=""/>
      <sheetpath names="/" tstamps="/"/>
      <tstamp>5D1D3C34</tstamp>
    </comp>
    <comp ref="Q2-SI2">
      <value>NPN MOS</value>
      <footprint>Package_TO_SOT_THT:TO-220-3_Vertical</footprint>
      <datasheet>~</datasheet>
      <libsource lib="Device" part="Q_NMOS_GSD" description="N-MOSFET transistor, gate/source/drain"/>
      <sheetpath names="/" tstamps="/"/>
      <tstamp>5D3FB783</tstamp>
    </comp>
    <comp ref="J4">
      <value>Fan P Input 24V</value>
      <footprint>Connector_PinHeader_2.54mm:PinHeader_1x02_P2.54mm_Vertical</footprint>
      <datasheet>~</datasheet>
      <libsource lib="Connector" part="Screw_Terminal_01x02" description="Generic screw terminal, single row, 01x02, script generated (kicad-library-utils/schlib/autogen/connector/)"/>
      <sheetpath names="/" tstamps="/"/>
      <tstamp>5D60B4BD</tstamp>
    </comp>
    <comp ref="J23">
      <value>Heat Gun Fan</value>
      <footprint>libs:PinHeader_1x02_P2.54mm_Vertical_SI</footprint>
      <datasheet>~</datasheet>
      <libsource lib="bench-PSU-rescue" part="Soldering_Iron_Connector-Custom_Connectors" description=""/>
      <sheetpath names="/" tstamps="/"/>
      <tstamp>5D6A4820</tstamp>
    </comp>
    <comp ref="J2">
      <value>Soldering_Iron</value>
      <footprint>libs:PinHeader_1x02_P2.54mm_Vertical_SI</footprint>
      <datasheet>~</datasheet>
      <libsource lib="bench-PSU-rescue" part="Soldering_Iron_Connector-Custom_Connectors" description=""/>
      <sheetpath names="/" tstamps="/"/>
      <tstamp>5B9DBBB7</tstamp>
    </comp>
    <comp ref="MEGA2560PRO1">
      <value>MEGA2560PRO-EMBED</value>
      <footprint>libs:MEGA2560PRO-EMBED</footprint>
      <libsource lib="bench-PSU-rescue" part="MEGA2560PRO-EMBED-MEGA2560PRO-EMBED" description=""/>
      <sheetpath names="/" tstamps="/"/>
      <tstamp>5CA7F5E1</tstamp>
    </comp>
    <comp ref="J24">
      <value>Heat Gun Relay</value>
      <footprint>libs:PinHeader_1x02_P2.54mm_Vertical_SI</footprint>
      <datasheet>~</datasheet>
      <libsource lib="bench-PSU-rescue" part="Soldering_Iron_Connector-Custom_Connectors" description=""/>
      <sheetpath names="/" tstamps="/"/>
      <tstamp>5D8232A9</tstamp>
    </comp>
    <comp ref="J7">
      <value>MAX BB</value>
      <footprint>libs:PinHeader_1x05_P2.54mm_Vertical_MAX6675</footprint>
      <datasheet>~</datasheet>
      <libsource lib="bench-PSU-rescue" part="MAX6675_BreakOut_Connector-Custom_Connectors" description=""/>
      <sheetpath names="/" tstamps="/"/>
      <tstamp>5B9A4394</tstamp>
    </comp>
    <comp ref="SW2">
      <value>SW_Reed</value>
      <footprint>Connector_PinHeader_2.54mm:PinHeader_1x02_P2.54mm_Vertical</footprint>
      <datasheet>~</datasheet>
      <libsource lib="Switch" part="SW_Reed" description="reed switch"/>
      <sheetpath names="/" tstamps="/"/>
      <tstamp>5CF37FA8</tstamp>
    </comp>
    <comp ref="R1">
      <value>1K</value>
      <footprint>Resistor_THT:R_Axial_DIN0411_L9.9mm_D3.6mm_P5.08mm_Vertical</footprint>
      <datasheet>~</datasheet>
      <libsource lib="Device" part="R" description="Resistor"/>
      <sheetpath names="/" tstamps="/"/>
      <tstamp>5CF39276</tstamp>
    </comp>
    <comp ref="R17">
      <value>10K</value>
      <footprint>Resistor_THT:R_Axial_DIN0411_L9.9mm_D3.6mm_P5.08mm_Vertical</footprint>
      <datasheet>~</datasheet>
      <libsource lib="Device" part="R" description="Resistor"/>
      <sheetpath names="/" tstamps="/"/>
      <tstamp>5D2F1B8F</tstamp>
    </comp>
    <comp ref="D6">
      <value>10V</value>
      <footprint>Diode_THT:D_T-1_P5.08mm_Horizontal</footprint>
      <datasheet>~</datasheet>
      <libsource lib="Device" part="D_Zener" description="Zener diode"/>
      <sheetpath names="/" tstamps="/"/>
      <tstamp>5D2F34AF</tstamp>
    </comp>
    <comp ref="Q5">
      <value>IRF9540N</value>
      <footprint>Package_TO_SOT_THT:TO-220-3_Vertical</footprint>
      <datasheet>http://www.irf.com/product-info/datasheets/data/irf9540n.pdf</datasheet>
      <libsource lib="Transistor_FET" part="IRF9540N" description="-23A Id, -100V Vds, HEXFET P-Channel MOSFET, TO-220"/>
      <sheetpath names="/" tstamps="/"/>
      <tstamp>5D280178</tstamp>
    </comp>
    <comp ref="Q1">
      <value>IRF9540N</value>
      <footprint>Package_TO_SOT_THT:TO-220-3_Vertical</footprint>
      <datasheet>http://www.irf.com/product-info/datasheets/data/irf9540n.pdf</datasheet>
      <libsource lib="Transistor_FET" part="IRF9540N" description="-23A Id, -100V Vds, HEXFET P-Channel MOSFET, TO-220"/>
      <sheetpath names="/" tstamps="/"/>
      <tstamp>5D6F5C89</tstamp>
    </comp>
    <comp ref="Q4">
      <value>IRF9540N</value>
      <footprint>Package_TO_SOT_THT:TO-220-3_Vertical</footprint>
      <datasheet>http://www.irf.com/product-info/datasheets/data/irf9540n.pdf</datasheet>
      <libsource lib="Transistor_FET" part="IRF9540N" description="-23A Id, -100V Vds, HEXFET P-Channel MOSFET, TO-220"/>
      <sheetpath names="/" tstamps="/"/>
      <tstamp>5D893AFE</tstamp>
    </comp>
    <comp ref="Q2">
      <value>IRF9540N</value>
      <footprint>Package_TO_SOT_THT:TO-220-3_Vertical</footprint>
      <datasheet>http://www.irf.com/product-info/datasheets/data/irf9540n.pdf</datasheet>
      <libsource lib="Transistor_FET" part="IRF9540N" description="-23A Id, -100V Vds, HEXFET P-Channel MOSFET, TO-220"/>
      <sheetpath names="/" tstamps="/"/>
      <tstamp>5DABAEC0</tstamp>
    </comp>
    <comp ref="SW5">
      <value>0V12SW</value>
      <footprint>Connector_PinHeader_2.54mm:PinHeader_1x02_P2.54mm_Vertical</footprint>
      <datasheet>~</datasheet>
      <libsource lib="Switch" part="SW_SPST" description="Single Pole Single Throw (SPST) switch"/>
      <sheetpath names="/" tstamps="/"/>
      <tstamp>5D0BD3AA</tstamp>
    </comp>
    <comp ref="SW4">
      <value>42VSW</value>
      <footprint>Connector_PinHeader_2.54mm:PinHeader_1x02_P2.54mm_Vertical</footprint>
      <datasheet>~</datasheet>
      <libsource lib="Switch" part="SW_SPST" description="Single Pole Single Throw (SPST) switch"/>
      <sheetpath names="/" tstamps="/"/>
      <tstamp>5D0BDE8A</tstamp>
    </comp>
    <comp ref="SW6">
      <value>12VSW</value>
      <footprint>Connector_PinHeader_2.54mm:PinHeader_1x02_P2.54mm_Vertical</footprint>
      <datasheet>~</datasheet>
      <libsource lib="Switch" part="SW_SPST" description="Single Pole Single Throw (SPST) switch"/>
      <sheetpath names="/" tstamps="/"/>
      <tstamp>5D0BEAE8</tstamp>
    </comp>
    <comp ref="SW3">
      <value>3V3SW</value>
      <footprint>Connector_PinHeader_2.54mm:PinHeader_1x02_P2.54mm_Vertical</footprint>
      <datasheet>~</datasheet>
      <libsource lib="Switch" part="SW_SPST" description="Single Pole Single Throw (SPST) switch"/>
      <sheetpath names="/" tstamps="/"/>
      <tstamp>5D0C166C</tstamp>
    </comp>
    <comp ref="SW7">
      <value>5VSW</value>
      <footprint>Connector_PinHeader_2.54mm:PinHeader_1x02_P2.54mm_Vertical</footprint>
      <datasheet>~</datasheet>
      <libsource lib="Switch" part="SW_SPST" description="Single Pole Single Throw (SPST) switch"/>
      <sheetpath names="/" tstamps="/"/>
      <tstamp>5D0C2AA1</tstamp>
    </comp>
    <comp ref="JP2">
      <value>6675/31855</value>
      <footprint>Connector_PinHeader_2.54mm:PinHeader_1x02_P2.54mm_Vertical</footprint>
      <datasheet>~</datasheet>
      <libsource lib="Device" part="Jumper" description="Jumper, normally closed"/>
      <sheetpath names="/" tstamps="/"/>
      <tstamp>5D1BCAE7</tstamp>
    </comp>
    <comp ref="Q3">
      <value>IRF9540N</value>
      <footprint>Package_TO_SOT_THT:TO-220-3_Vertical</footprint>
      <datasheet>http://www.irf.com/product-info/datasheets/data/irf9540n.pdf</datasheet>
      <libsource lib="Transistor_FET" part="IRF9540N" description="-23A Id, -100V Vds, HEXFET P-Channel MOSFET, TO-220"/>
      <sheetpath names="/" tstamps="/"/>
      <tstamp>5D6BB633</tstamp>
    </comp>
  </components>
  <libparts>
    <libpart lib="Connector" part="Conn_01x03_Male">
      <description>Generic connector, single row, 01x03, script generated (kicad-library-utils/schlib/autogen/connector/)</description>
      <docs>~</docs>
      <footprints>
        <fp>Connector*:*_1x??_*</fp>
      </footprints>
      <fields>
        <field name="Reference">J</field>
        <field name="Value">Conn_01x03_Male</field>
      </fields>
      <pins>
        <pin num="1" name="Pin_1" type="passive"/>
        <pin num="2" name="Pin_2" type="passive"/>
        <pin num="3" name="Pin_3" type="passive"/>
      </pins>
    </libpart>
    <libpart lib="Connector" part="Conn_01x12_Male">
      <description>Generic connector, single row, 01x12, script generated (kicad-library-utils/schlib/autogen/connector/)</description>
      <docs>~</docs>
      <footprints>
        <fp>Connector*:*_1x??_*</fp>
      </footprints>
      <fields>
        <field name="Reference">J</field>
        <field name="Value">Conn_01x12_Male</field>
      </fields>
      <pins>
        <pin num="1" name="Pin_1" type="passive"/>
        <pin num="2" name="Pin_2" type="passive"/>
        <pin num="3" name="Pin_3" type="passive"/>
        <pin num="4" name="Pin_4" type="passive"/>
        <pin num="5" name="Pin_5" type="passive"/>
        <pin num="6" name="Pin_6" type="passive"/>
        <pin num="7" name="Pin_7" type="passive"/>
        <pin num="8" name="Pin_8" type="passive"/>
        <pin num="9" name="Pin_9" type="passive"/>
        <pin num="10" name="Pin_10" type="passive"/>
        <pin num="11" name="Pin_11" type="passive"/>
        <pin num="12" name="Pin_12" type="passive"/>
      </pins>
    </libpart>
    <libpart lib="Connector" part="Screw_Terminal_01x02">
      <description>Generic screw terminal, single row, 01x02, script generated (kicad-library-utils/schlib/autogen/connector/)</description>
      <docs>~</docs>
      <footprints>
        <fp>TerminalBlock*:*</fp>
      </footprints>
      <fields>
        <field name="Reference">J</field>
        <field name="Value">Screw_Terminal_01x02</field>
      </fields>
      <pins>
        <pin num="1" name="Pin_1" type="passive"/>
        <pin num="2" name="Pin_2" type="passive"/>
      </pins>
    </libpart>
    <libpart lib="Device" part="D_Zener">
      <description>Zener diode</description>
      <docs>~</docs>
      <footprints>
        <fp>TO-???*</fp>
        <fp>*_Diode_*</fp>
        <fp>*SingleDiode*</fp>
        <fp>D_*</fp>
      </footprints>
      <fields>
        <field name="Reference">D</field>
        <field name="Value">D_Zener</field>
      </fields>
      <pins>
        <pin num="1" name="K" type="passive"/>
        <pin num="2" name="A" type="passive"/>
      </pins>
    </libpart>
    <libpart lib="Device" part="Jumper">
      <description>Jumper, normally closed</description>
      <docs>~</docs>
      <footprints>
        <fp>SolderJumper*</fp>
      </footprints>
      <fields>
        <field name="Reference">JP</field>
        <field name="Value">Jumper</field>
      </fields>
      <pins>
        <pin num="1" name="1" type="passive"/>
        <pin num="2" name="2" type="passive"/>
      </pins>
    </libpart>
    <libpart lib="Device" part="LED">
      <description>Light emitting diode</description>
      <docs>~</docs>
      <footprints>
        <fp>LED*</fp>
        <fp>LED_SMD:*</fp>
        <fp>LED_THT:*</fp>
      </footprints>
      <fields>
        <field name="Reference">D</field>
        <field name="Value">LED</field>
      </fields>
      <pins>
        <pin num="1" name="K" type="passive"/>
        <pin num="2" name="A" type="passive"/>
      </pins>
    </libpart>
    <libpart lib="Device" part="Q_NMOS_GSD">
      <description>N-MOSFET transistor, gate/source/drain</description>
      <docs>~</docs>
      <fields>
        <field name="Reference">Q</field>
        <field name="Value">Q_NMOS_GSD</field>
      </fields>
      <pins>
        <pin num="1" name="G" type="input"/>
        <pin num="2" name="S" type="passive"/>
        <pin num="3" name="D" type="passive"/>
      </pins>
    </libpart>
    <libpart lib="Device" part="R">
      <description>Resistor</description>
      <docs>~</docs>
      <footprints>
        <fp>R_*</fp>
      </footprints>
      <fields>
        <field name="Reference">R</field>
        <field name="Value">R</field>
      </fields>
      <pins>
        <pin num="1" name="~" type="passive"/>
        <pin num="2" name="~" type="passive"/>
      </pins>
    </libpart>
    <libpart lib="Device" part="Speaker">
      <description>Speaker</description>
      <docs>~</docs>
      <fields>
        <field name="Reference">LS</field>
        <field name="Value">Speaker</field>
      </fields>
      <pins>
        <pin num="1" name="1" type="input"/>
        <pin num="2" name="2" type="input"/>
      </pins>
    </libpart>
    <libpart lib="Switch" part="SW_Push">
      <description>Push button switch, generic, two pins</description>
      <docs>~</docs>
      <fields>
        <field name="Reference">SW</field>
        <field name="Value">SW_Push</field>
      </fields>
      <pins>
        <pin num="1" name="1" type="passive"/>
        <pin num="2" name="2" type="passive"/>
      </pins>
    </libpart>
    <libpart lib="Switch" part="SW_Reed">
      <description>reed switch</description>
      <docs>~</docs>
      <fields>
        <field name="Reference">SW</field>
        <field name="Value">SW_Reed</field>
      </fields>
      <pins>
        <pin num="1" name="1" type="passive"/>
        <pin num="2" name="2" type="passive"/>
      </pins>
    </libpart>
    <libpart lib="Switch" part="SW_SPST">
      <description>Single Pole Single Throw (SPST) switch</description>
      <docs>~</docs>
      <fields>
        <field name="Reference">SW</field>
        <field name="Value">SW_SPST</field>
      </fields>
      <pins>
        <pin num="1" name="A" type="passive"/>
        <pin num="2" name="B" type="passive"/>
      </pins>
    </libpart>
    <libpart lib="Transistor_BJT" part="2N2219">
      <aliases>
        <alias>BC140</alias>
        <alias>BC141</alias>
      </aliases>
      <description>800mA Ic, 50V Vce, NPN Transistor, TO-39</description>
      <docs>http://www.onsemi.com/pub_link/Collateral/2N2219-D.PDF</docs>
      <footprints>
        <fp>TO?39*</fp>
      </footprints>
      <fields>
        <field name="Reference">Q</field>
        <field name="Value">2N2219</field>
        <field name="Footprint">Package_TO_SOT_THT:TO-39-3</field>
      </fields>
      <pins>
        <pin num="1" name="E" type="passive"/>
        <pin num="2" name="B" type="passive"/>
        <pin num="3" name="C" type="passive"/>
      </pins>
    </libpart>
    <libpart lib="Transistor_FET" part="IRF9540N">
      <aliases>
        <alias>IRF4905</alias>
      </aliases>
      <description>-23A Id, -100V Vds, HEXFET P-Channel MOSFET, TO-220</description>
      <docs>http://www.irf.com/product-info/datasheets/data/irf9540n.pdf</docs>
      <footprints>
        <fp>TO?220*</fp>
      </footprints>
      <fields>
        <field name="Reference">Q</field>
        <field name="Value">IRF9540N</field>
        <field name="Footprint">Package_TO_SOT_THT:TO-220-3_Vertical</field>
      </fields>
      <pins>
        <pin num="1" name="G" type="input"/>
        <pin num="2" name="D" type="passive"/>
        <pin num="3" name="S" type="passive"/>
      </pins>
    </libpart>
    <libpart lib="bench-PSU-rescue" part="ATX24-atx24">
      <fields>
        <field name="Reference">J</field>
        <field name="Value">ATX24-atx24</field>
      </fields>
      <pins>
        <pin num="1" name="3V3" type="power_out"/>
        <pin num="2" name="3V3" type="power_out"/>
        <pin num="3" name="GND" type="power_out"/>
        <pin num="4" name="5V" type="power_out"/>
        <pin num="5" name="GND" type="power_out"/>
        <pin num="6" name="5V" type="power_out"/>
        <pin num="7" name="GND" type="power_out"/>
        <pin num="8" name="POK" type="power_out"/>
        <pin num="9" name="5VSB" type="power_out"/>
        <pin num="10" name="12V" type="power_out"/>
        <pin num="11" name="12V" type="power_out"/>
        <pin num="12" name="3V3" type="power_out"/>
        <pin num="13" name="3V3" type="power_out"/>
        <pin num="14" name="-12" type="power_out"/>
        <pin num="15" name="GND" type="power_out"/>
        <pin num="16" name="PS_ON" type="input"/>
        <pin num="17" name="GND" type="power_out"/>
        <pin num="18" name="GND" type="power_out"/>
        <pin num="19" name="GND" type="power_out"/>
        <pin num="20" name="-5V" type="power_out"/>
        <pin num="21" name="5V" type="power_out"/>
        <pin num="22" name="5V" type="power_out"/>
        <pin num="23" name="5V" type="power_out"/>
        <pin num="24" name="GND" type="power_out"/>
      </pins>
    </libpart>
    <libpart lib="bench-PSU-rescue" part="Conn_01x03_Male_POTS-Custom_Connectors">
      <footprints>
        <fp>Connector*:*_1x??_*</fp>
      </footprints>
      <fields>
        <field name="Reference">J</field>
        <field name="Value">Conn_01x03_Male_POTS-Custom_Connectors</field>
      </fields>
      <pins>
        <pin num="DAT" name="Pin_2" type="output"/>
        <pin num="GND" name="Pin_3" type="passive"/>
        <pin num="VCC" name="Pin_1" type="power_in"/>
      </pins>
    </libpart>
    <libpart lib="bench-PSU-rescue" part="Conn_01x04_VR-Custom_Connectors">
      <footprints>
        <fp>Connector*:*_1x??_*</fp>
      </footprints>
      <fields>
        <field name="Reference">J</field>
        <field name="Value">Conn_01x04_VR-Custom_Connectors</field>
      </fields>
      <pins>
        <pin num="GIN" name="Pin_2" type="passive"/>
        <pin num="GOUT" name="Pin_4" type="passive"/>
        <pin num="VIN" name="Pin_1" type="power_out"/>
        <pin num="VOUT" name="Pin_3" type="power_in"/>
      </pins>
    </libpart>
    <libpart lib="bench-PSU-rescue" part="Connector_Curr_Sensor">
      <footprints>
        <fp>Connector*:*_1x??_*</fp>
      </footprints>
      <fields>
        <field name="Reference">J</field>
        <field name="Value">Connector_Curr_Sensor</field>
      </fields>
      <pins>
        <pin num="DAT" name="Pin_3" type="passive"/>
        <pin num="GND" name="Pin_2" type="passive"/>
        <pin num="VCC" name="Pin_1" type="passive"/>
      </pins>
    </libpart>
    <libpart lib="bench-PSU-rescue" part="Connector_V_Selector-Connector_JP">
      <footprints>
        <fp>Connector*:*_1x??_*</fp>
      </footprints>
      <fields>
        <field name="Reference">J</field>
        <field name="Value">Connector_V_Selector-Connector_JP</field>
      </fields>
      <pins>
        <pin num="5V" name="Pin_1" type="passive"/>
        <pin num="3V3" name="Pin_3" type="passive"/>
        <pin num="VOUT" name="Pin_2" type="passive"/>
      </pins>
    </libpart>
    <libpart lib="bench-PSU-rescue" part="Connector_V_Selector-Connector_JP_EXT">
      <footprints>
        <fp>Connector*:*_1x??_*</fp>
      </footprints>
      <fields>
        <field name="Reference">J</field>
        <field name="Value">Connector_V_Selector-Connector_JP_EXT</field>
      </fields>
      <pins>
        <pin num="12V" name="Pin_1" type="passive"/>
        <pin num="Ex.V" name="Pin_3" type="passive"/>
        <pin num="VOUT" name="Pin_2" type="passive"/>
      </pins>
    </libpart>
    <libpart lib="bench-PSU-rescue" part="MAX6675-MAX6675">
      <fields>
        <field name="Reference">IC</field>
        <field name="Value">MAX6675-MAX6675</field>
        <field name="Footprint">SO08</field>
        <field name="Datasheet">Maxim Integrated</field>
        <field name="Field4">None</field>
        <field name="Field5">MAX6675</field>
        <field name="Field7">Unavailable</field>
        <field name="Field8">None</field>
      </fields>
      <pins>
        <pin num="1" name="GND" type="power_in"/>
        <pin num="2" name="T-" type="input"/>
        <pin num="3" name="T+" type="input"/>
        <pin num="4" name="VCC" type="power_in"/>
        <pin num="5" name="SCK" type="input"/>
        <pin num="6" name="/CS" type="input"/>
        <pin num="7" name="DO" type="output"/>
      </pins>
    </libpart>
    <libpart lib="bench-PSU-rescue" part="MAX6675_BreakOut_Connector-Custom_Connectors">
      <footprints>
        <fp>Connector*:*_1x??_*</fp>
      </footprints>
      <fields>
        <field name="Reference">J</field>
        <field name="Value">MAX6675_BreakOut_Connector-Custom_Connectors</field>
      </fields>
      <pins>
        <pin num="CS" name="Pin_4" type="BiDi"/>
        <pin num="GND" name="Pin_2" type="passive"/>
        <pin num="SCK" name="Pin_3" type="BiDi"/>
        <pin num="SO" name="Pin_5" type="BiDi"/>
        <pin num="VCC" name="Pin_1" type="power_in"/>
      </pins>
    </libpart>
    <libpart lib="bench-PSU-rescue" part="MEGA2560PRO-EMBED-MEGA2560PRO-EMBED">
      <fields>
        <field name="Reference">MEGA2560PRO</field>
        <field name="Value">MEGA2560PRO-EMBED-MEGA2560PRO-EMBED</field>
        <field name="Footprint">MEGA2560PRO-EMBED</field>
      </fields>
      <pins>
        <pin num="3V3@1" name="3V3@1" type="BiDi"/>
        <pin num="3V3@2" name="3V3@2" type="BiDi"/>
        <pin num="5V@1" name="5V@1" type="BiDi"/>
        <pin num="5V@2" name="5V@2" type="BiDi"/>
        <pin num="5V@3" name="5V@3" type="BiDi"/>
        <pin num="A0" name="A0" type="BiDi"/>
        <pin num="A1" name="A1" type="BiDi"/>
        <pin num="A2" name="A2" type="BiDi"/>
        <pin num="A3" name="A3" type="BiDi"/>
        <pin num="A4" name="A4" type="BiDi"/>
        <pin num="A5" name="A5" type="BiDi"/>
        <pin num="A6" name="A6" type="BiDi"/>
        <pin num="A7" name="A7" type="BiDi"/>
        <pin num="A8" name="A8" type="BiDi"/>
        <pin num="A9" name="A9" type="BiDi"/>
        <pin num="A10" name="A10" type="BiDi"/>
        <pin num="A11" name="A11" type="BiDi"/>
        <pin num="A12" name="A12" type="BiDi"/>
        <pin num="A13" name="A13" type="BiDi"/>
        <pin num="A14" name="A14" type="BiDi"/>
        <pin num="A15" name="A15" type="BiDi"/>
        <pin num="AREF" name="AREF" type="BiDi"/>
        <pin num="D2" name="D2" type="BiDi"/>
        <pin num="D3" name="D3" type="BiDi"/>
        <pin num="D4" name="D4" type="BiDi"/>
        <pin num="D5" name="D5" type="BiDi"/>
        <pin num="D6" name="D6" type="BiDi"/>
        <pin num="D7" name="D7" type="BiDi"/>
        <pin num="D8" name="D8" type="BiDi"/>
        <pin num="D9" name="D9" type="BiDi"/>
        <pin num="D10" name="D10" type="BiDi"/>
        <pin num="D11" name="D11" type="BiDi"/>
        <pin num="D12" name="D12" type="BiDi"/>
        <pin num="D13" name="D13" type="BiDi"/>
        <pin num="D14" name="D14" type="BiDi"/>
        <pin num="D15" name="D15" type="BiDi"/>
        <pin num="D16" name="D16" type="BiDi"/>
        <pin num="D17" name="D17" type="BiDi"/>
        <pin num="D18" name="D18" type="BiDi"/>
        <pin num="D19" name="D19" type="BiDi"/>
        <pin num="D20" name="D20" type="BiDi"/>
        <pin num="D21" name="D21" type="BiDi"/>
        <pin num="D22" name="D22" type="BiDi"/>
        <pin num="D23" name="D23" type="BiDi"/>
        <pin num="D24" name="D24" type="BiDi"/>
        <pin num="D25" name="D25" type="BiDi"/>
        <pin num="D26" name="D26" type="BiDi"/>
        <pin num="D27" name="D27" type="BiDi"/>
        <pin num="D28" name="D28" type="BiDi"/>
        <pin num="D29" name="D29" type="BiDi"/>
        <pin num="D30" name="D30" type="BiDi"/>
        <pin num="D31" name="D31" type="BiDi"/>
        <pin num="D32" name="D32" type="BiDi"/>
        <pin num="D33" name="D33" type="BiDi"/>
        <pin num="D34" name="D34" type="BiDi"/>
        <pin num="D35" name="D35" type="BiDi"/>
        <pin num="D36" name="D36" type="BiDi"/>
        <pin num="D37" name="D37" type="BiDi"/>
        <pin num="D38" name="D38" type="BiDi"/>
        <pin num="D39" name="D39" type="BiDi"/>
        <pin num="D40" name="D40" type="BiDi"/>
        <pin num="D41" name="D41" type="BiDi"/>
        <pin num="D42" name="D42" type="BiDi"/>
        <pin num="D43" name="D43" type="BiDi"/>
        <pin num="D44" name="D44" type="BiDi"/>
        <pin num="D45" name="D45" type="BiDi"/>
        <pin num="D46" name="D46" type="BiDi"/>
        <pin num="D47" name="D47" type="BiDi"/>
        <pin num="D48" name="D48" type="BiDi"/>
        <pin num="D49" name="D49" type="BiDi"/>
        <pin num="D50" name="D50" type="BiDi"/>
        <pin num="D51" name="D51" type="BiDi"/>
        <pin num="D52" name="D52" type="BiDi"/>
        <pin num="D53" name="D53" type="BiDi"/>
        <pin num="GND@1" name="GND@1" type="BiDi"/>
        <pin num="GND@2" name="GND@2" type="BiDi"/>
        <pin num="GND@3" name="GND@3" type="BiDi"/>
        <pin num="MISO" name="MISO" type="BiDi"/>
        <pin num="MOSI" name="MOSI" type="BiDi"/>
        <pin num="RESET" name="RESET" type="BiDi"/>
        <pin num="RST" name="RST" type="BiDi"/>
        <pin num="RX" name="RX" type="BiDi"/>
        <pin num="SCK" name="SCK" type="BiDi"/>
        <pin num="TX" name="TX" type="BiDi"/>
        <pin num="VIN@1" name="VIN@1" type="BiDi"/>
        <pin num="VIN@2" name="VIN@2" type="BiDi"/>
      </pins>
    </libpart>
    <libpart lib="bench-PSU-rescue" part="NEOPIXEL_STICK-rur">
      <fields>
        <field name="Reference">U</field>
        <field name="Value">NEOPIXEL_STICK-rur</field>
      </fields>
      <pins>
        <pin num="1" name="GND" type="input"/>
        <pin num="2" name="DIN" type="input"/>
        <pin num="3" name="VDC" type="input"/>
        <pin num="4" name="DOUT" type="input"/>
      </pins>
    </libpart>
    <libpart lib="bench-PSU-rescue" part="Soldering_Iron_Connector-Custom_Connectors">
      <footprints>
        <fp>Connector*:*_1x??_*</fp>
      </footprints>
      <fields>
        <field name="Reference">J</field>
        <field name="Value">Soldering_Iron_Connector-Custom_Connectors</field>
      </fields>
      <pins>
        <pin num="GND" name="Pin_4" type="passive"/>
        <pin num="VCC" name="Pin_1" type="power_in"/>
      </pins>
    </libpart>
    <libpart lib="bench-PSU-rescue" part="Vout-Custom_Connectors">
      <footprints>
        <fp>Connector*:*_1x??_*</fp>
      </footprints>
      <fields>
        <field name="Reference">J</field>
        <field name="Value">Vout-Custom_Connectors</field>
      </fields>
      <pins>
        <pin num="5V" name="Pin_6" type="power_out"/>
        <pin num="12V" name="Pin_2" type="power_out"/>
        <pin num="3V3" name="Pin_4" type="power_out"/>
        <pin num="GND5" name="Pin_5" type="passive"/>
        <pin num="GND012" name="Pin_7" type="passive"/>
        <pin num="GND12" name="Pin_1" type="passive"/>
        <pin num="GND42" name="Pin_9" type="passive"/>
        <pin num="GND3V3" name="Pin_3" type="passive"/>
        <pin num="VR12" name="Pin_8" type="power_out"/>
        <pin num="VR42" name="Pin_10" type="power_out"/>
      </pins>
    </libpart>
    <libpart lib="pspice" part="CAP">
      <aliases>
        <alias>C</alias>
      </aliases>
      <description>Capacitor symbol for simulation only</description>
      <docs>~</docs>
      <fields>
        <field name="Reference">C</field>
        <field name="Value">CAP</field>
      </fields>
      <pins>
        <pin num="1" name="~" type="passive"/>
        <pin num="2" name="~" type="passive"/>
      </pins>
    </libpart>
  </libparts>
  <libraries>
    <library logical="Connector">
      <uri>C:\Program Files\KiCad\share\kicad\library/Connector.lib</uri>
    </library>
    <library logical="Device">
      <uri>C:\Program Files\KiCad\share\kicad\library/Device.lib</uri>
    </library>
    <library logical="Switch">
      <uri>C:\Program Files\KiCad\share\kicad\library/Switch.lib</uri>
    </library>
    <library logical="Transistor_BJT">
      <uri>C:\Program Files\KiCad\share\kicad\library/Transistor_BJT.lib</uri>
    </library>
    <library logical="Transistor_FET">
      <uri>C:\Program Files\KiCad\share\kicad\library/Transistor_FET.lib</uri>
    </library>
    <library logical="bench-PSU-rescue">
      <uri>E:\gdrive\BenchPSU\bench-electronics-v2.ino\bench-PSU-NeoPixel-ATX - Mega-TFT-HeatGun/bench-PSU-rescue.lib</uri>
    </library>
    <library logical="pspice">
      <uri>C:\Program Files\KiCad\share\kicad\library/pspice.lib</uri>
    </library>
  </libraries>
  <nets>
    <net code="1" name="Net-(J23-PadGND)">
      <node ref="J23" pin="GND"/>
      <node ref="Q2-SI2" pin="2"/>
    </net>
    <net code="2" name="Net-(J23-PadVCC)">
      <node ref="J23" pin="VCC"/>
      <node ref="J4" pin="1"/>
    </net>
    <net code="3" name="Net-(J19-Pad3V3)">
      <node ref="MEGA2560PRO1" pin="3V3@1"/>
      <node ref="J19" pin="3V3"/>
    </net>
    <net code="4" name="Net-(MEGA2560PRO1-Pad3V3@2)">
      <node ref="MEGA2560PRO1" pin="3V3@2"/>
    </net>
    <net code="5" name="Net-(MEGA2560PRO1-Pad5V@3)">
      <node ref="MEGA2560PRO1" pin="5V@3"/>
    </net>
    <net code="6" name="Net-(MEGA2560PRO1-PadA0)">
      <node ref="R8" pin="2"/>
      <node ref="MEGA2560PRO1" pin="A0"/>
      <node ref="R6" pin="2"/>
    </net>
    <net code="7" name="Net-(MEGA2560PRO1-PadA10)">
      <node ref="MEGA2560PRO1" pin="A10"/>
    </net>
    <net code="8" name="Net-(D2-Pad2)">
      <node ref="D2" pin="2"/>
      <node ref="R2" pin="2"/>
    </net>
    <net code="9" name="Net-(J22-PadDAT)">
      <node ref="MEGA2560PRO1" pin="A5"/>
      <node ref="J22" pin="DAT"/>
    </net>
    <net code="10" name="Net-(MEGA2560PRO1-PadD20)">
      <node ref="MEGA2560PRO1" pin="D20"/>
    </net>
    <net code="11" name="Net-(MEGA2560PRO1-PadD22)">
      <node ref="MEGA2560PRO1" pin="D22"/>
    </net>
    <net code="12" name="Net-(MEGA2560PRO1-PadD7)">
      <node ref="MEGA2560PRO1" pin="D7"/>
    </net>
    <net code="13" name="Net-(J20-Pad5)">
      <node ref="J20" pin="5"/>
      <node ref="MEGA2560PRO1" pin="MOSI"/>
    </net>
    <net code="14" name="Net-(J15-PadDAT)">
      <node ref="MEGA2560PRO1" pin="A11"/>
      <node ref="J15" pin="DAT"/>
    </net>
    <net code="15" name="Net-(J1-Pad4)">
      <node ref="J1" pin="4"/>
    </net>
    <net code="16" name="Net-(J2-PadGND)">
      <node ref="Q2-SI1" pin="2"/>
      <node ref="J2" pin="GND"/>
    </net>
    <net code="17" name="Net-(MEGA2560PRO1-PadD37)">
      <node ref="MEGA2560PRO1" pin="D37"/>
    </net>
    <net code="18" name="Net-(MEGA2560PRO1-PadD24)">
      <node ref="MEGA2560PRO1" pin="D24"/>
    </net>
    <net code="19" name="Net-(J21-Pad2)">
      <node ref="MEGA2560PRO1" pin="D25"/>
      <node ref="J21" pin="2"/>
    </net>
    <net code="20" name="Net-(MEGA2560PRO1-PadD26)">
      <node ref="MEGA2560PRO1" pin="D26"/>
    </net>
    <net code="21" name="Net-(MEGA2560PRO1-PadD27)">
      <node ref="MEGA2560PRO1" pin="D27"/>
    </net>
    <net code="22" name="Net-(J10-PadDAT)">
      <node ref="R21" pin="2"/>
      <node ref="MEGA2560PRO1" pin="D3"/>
      <node ref="J10" pin="DAT"/>
    </net>
    <net code="23" name="Net-(J7-PadCS)">
      <node ref="MEGA2560PRO1" pin="D30"/>
      <node ref="J7" pin="CS"/>
    </net>
    <net code="24" name="Net-(MEGA2560PRO1-PadD32)">
      <node ref="R4" pin="1"/>
      <node ref="MEGA2560PRO1" pin="D32"/>
    </net>
    <net code="25" name="Net-(MEGA2560PRO1-PadD33)">
      <node ref="MEGA2560PRO1" pin="D33"/>
    </net>
    <net code="26" name="Net-(MEGA2560PRO1-PadD34)">
      <node ref="R1" pin="1"/>
      <node ref="MEGA2560PRO1" pin="D34"/>
      <node ref="SW2" pin="1"/>
    </net>
    <net code="27" name="Net-(MEGA2560PRO1-PadD35)">
      <node ref="MEGA2560PRO1" pin="D35"/>
    </net>
    <net code="28" name="Net-(MEGA2560PRO1-PadD38)">
      <node ref="MEGA2560PRO1" pin="D38"/>
    </net>
    <net code="29" name="Net-(MEGA2560PRO1-PadD4)">
      <node ref="MEGA2560PRO1" pin="D4"/>
    </net>
    <net code="30" name="Net-(MEGA2560PRO1-PadD40)">
      <node ref="MEGA2560PRO1" pin="D40"/>
    </net>
    <net code="31" name="Net-(MEGA2560PRO1-PadD41)">
      <node ref="MEGA2560PRO1" pin="D41"/>
    </net>
    <net code="32" name="Net-(MEGA2560PRO1-PadD42)">
      <node ref="MEGA2560PRO1" pin="D42"/>
    </net>
    <net code="33" name="Net-(MEGA2560PRO1-PadD43)">
      <node ref="MEGA2560PRO1" pin="D43"/>
    </net>
    <net code="34" name="Net-(LS1-Pad1)">
      <node ref="LS1" pin="1"/>
      <node ref="MEGA2560PRO1" pin="D44"/>
    </net>
    <net code="35" name="Net-(MEGA2560PRO1-PadD45)">
      <node ref="MEGA2560PRO1" pin="D45"/>
    </net>
    <net code="36" name="Net-(MEGA2560PRO1-PadD46)">
      <node ref="MEGA2560PRO1" pin="D46"/>
    </net>
    <net code="37" name="Net-(MEGA2560PRO1-PadD47)">
      <node ref="MEGA2560PRO1" pin="D47"/>
    </net>
    <net code="38" name="Net-(MEGA2560PRO1-PadD48)">
      <node ref="MEGA2560PRO1" pin="D48"/>
    </net>
    <net code="39" name="Net-(MEGA2560PRO1-PadD49)">
      <node ref="MEGA2560PRO1" pin="D49"/>
    </net>
    <net code="40" name="Net-(MEGA2560PRO1-PadD10)">
      <node ref="MEGA2560PRO1" pin="D10"/>
    </net>
    <net code="41" name="Net-(MEGA2560PRO1-PadA12)">
      <node ref="MEGA2560PRO1" pin="A12"/>
    </net>
    <net code="42" name="Net-(J18-PadDAT)">
      <node ref="J18" pin="DAT"/>
      <node ref="MEGA2560PRO1" pin="A13"/>
    </net>
    <net code="43" name="Net-(MEGA2560PRO1-PadA14)">
      <node ref="MEGA2560PRO1" pin="A14"/>
    </net>
    <net code="44" name="Net-(J16-PadDAT)">
      <node ref="MEGA2560PRO1" pin="A15"/>
      <node ref="J16" pin="DAT"/>
    </net>
    <net code="45" name="Net-(MEGA2560PRO1-PadA2)">
      <node ref="MEGA2560PRO1" pin="A2"/>
      <node ref="R10" pin="2"/>
      <node ref="R11" pin="2"/>
    </net>
    <net code="46" name="Net-(J3-PadDAT)">
      <node ref="J3" pin="DAT"/>
      <node ref="MEGA2560PRO1" pin="A3"/>
    </net>
    <net code="47" name="Net-(MEGA2560PRO1-PadA4)">
      <node ref="R13" pin="2"/>
      <node ref="R14" pin="2"/>
      <node ref="MEGA2560PRO1" pin="A4"/>
    </net>
    <net code="48" name="Net-(MEGA2560PRO1-PadA6)">
      <node ref="R18" pin="2"/>
      <node ref="R16" pin="2"/>
      <node ref="MEGA2560PRO1" pin="A6"/>
    </net>
    <net code="49" name="Net-(J14-PadDAT)">
      <node ref="J14" pin="DAT"/>
      <node ref="MEGA2560PRO1" pin="A7"/>
    </net>
    <net code="50" name="Net-(MEGA2560PRO1-PadA8)">
      <node ref="MEGA2560PRO1" pin="A8"/>
    </net>
    <net code="51" name="Net-(J17-PadDAT)">
      <node ref="MEGA2560PRO1" pin="A9"/>
      <node ref="J17" pin="DAT"/>
    </net>
    <net code="52" name="Net-(MEGA2560PRO1-PadAREF)">
      <node ref="MEGA2560PRO1" pin="AREF"/>
    </net>
    <net code="53" name="Net-(MEGA2560PRO1-PadD12)">
      <node ref="MEGA2560PRO1" pin="D12"/>
    </net>
    <net code="54" name="Net-(MEGA2560PRO1-PadD14)">
      <node ref="MEGA2560PRO1" pin="D14"/>
    </net>
    <net code="55" name="Net-(J20-Pad9)">
      <node ref="J20" pin="9"/>
      <node ref="MEGA2560PRO1" pin="D15"/>
    </net>
    <net code="56" name="Net-(MEGA2560PRO1-PadD16)">
      <node ref="MEGA2560PRO1" pin="D16"/>
    </net>
    <net code="57" name="Net-(J20-Pad6)">
      <node ref="J20" pin="6"/>
      <node ref="MEGA2560PRO1" pin="D23"/>
    </net>
    <net code="58" name="Net-(J20-Pad4)">
      <node ref="MEGA2560PRO1" pin="MISO"/>
      <node ref="J20" pin="4"/>
    </net>
    <net code="59" name="Net-(J20-Pad7)">
      <node ref="J20" pin="7"/>
      <node ref="MEGA2560PRO1" pin="D19"/>
    </net>
    <net code="60" name="Net-(J20-Pad8)">
      <node ref="J20" pin="8"/>
      <node ref="MEGA2560PRO1" pin="D17"/>
    </net>
    <net code="61" name="Net-(MEGA2560PRO1-PadD51)">
      <node ref="MEGA2560PRO1" pin="D51"/>
    </net>
    <net code="62" name="Net-(MEGA2560PRO1-PadD53)">
      <node ref="MEGA2560PRO1" pin="D53"/>
    </net>
    <net code="63" name="Net-(J20-Pad3)">
      <node ref="MEGA2560PRO1" pin="SCK"/>
      <node ref="J20" pin="3"/>
    </net>
    <net code="64" name="Net-(J20-Pad10)">
      <node ref="J20" pin="10"/>
      <node ref="MEGA2560PRO1" pin="D13"/>
    </net>
    <net code="65" name="Net-(J20-Pad11)">
      <node ref="J20" pin="11"/>
      <node ref="MEGA2560PRO1" pin="D11"/>
    </net>
    <net code="66" name="Net-(J20-Pad12)">
      <node ref="J20" pin="12"/>
      <node ref="MEGA2560PRO1" pin="D9"/>
    </net>
    <net code="67" name="Net-(MEGA2560PRO1-PadD8)">
      <node ref="MEGA2560PRO1" pin="D8"/>
    </net>
    <net code="68" name="Net-(MEGA2560PRO1-PadD50)">
      <node ref="MEGA2560PRO1" pin="D50"/>
    </net>
    <net code="69" name="Net-(MEGA2560PRO1-PadD52)">
      <node ref="MEGA2560PRO1" pin="D52"/>
    </net>
    <net code="70" name="Net-(D6-Pad1)">
      <node ref="Q5" pin="2"/>
      <node ref="J9" pin="VR42"/>
      <node ref="D6" pin="1"/>
    </net>
    <net code="71" name="Net-(J9-PadVR12)">
      <node ref="Q1" pin="2"/>
      <node ref="J9" pin="VR12"/>
    </net>
    <net code="72" name="Net-(J9-Pad3V3)">
      <node ref="Q2" pin="2"/>
      <node ref="J9" pin="3V3"/>
    </net>
    <net code="73" name="Net-(J9-Pad5V)">
      <node ref="J9" pin="5V"/>
      <node ref="Q3" pin="2"/>
    </net>
    <net code="74" name="Net-(J1-Pad11)">
      <node ref="J6" pin="VIN"/>
      <node ref="SW6" pin="1"/>
      <node ref="J5" pin="VIN"/>
      <node ref="J1" pin="11"/>
    </net>
    <net code="75" name="Net-(D6-Pad2)">
      <node ref="Q5" pin="1"/>
      <node ref="D6" pin="2"/>
      <node ref="R17" pin="1"/>
    </net>
    <net code="76" name="Net-(J9-Pad12V)">
      <node ref="Q4" pin="2"/>
      <node ref="J9" pin="12V"/>
    </net>
    <net code="77" name="Net-(J1-Pad23)">
      <node ref="J1" pin="23"/>
      <node ref="SW7" pin="1"/>
    </net>
    <net code="78" name="Net-(IC1-Pad2)">
      <node ref="J11" pin="1"/>
      <node ref="IC1" pin="2"/>
      <node ref="JP2" pin="1"/>
    </net>
    <net code="79" name="Net-(MEGA2560PRO1-PadA1)">
      <node ref="Q2" pin="3"/>
      <node ref="SW3" pin="2"/>
      <node ref="MEGA2560PRO1" pin="A1"/>
    </net>
    <net code="80" name="Net-(IC1-Pad3)">
      <node ref="IC1" pin="3"/>
      <node ref="J11" pin="2"/>
    </net>
    <net code="81" name="Net-(J5-PadVOUT)">
      <node ref="J5" pin="VOUT"/>
      <node ref="SW4" pin="1"/>
    </net>
    <net code="82" name="Net-(Q4-Pad3)">
      <node ref="SW6" pin="2"/>
      <node ref="Q4" pin="3"/>
      <node ref="R8" pin="1"/>
    </net>
    <net code="83" name="Net-(MEGA2560PRO1-PadRESET)">
      <node ref="MEGA2560PRO1" pin="RESET"/>
    </net>
    <net code="84" name="Net-(MEGA2560PRO1-PadD6)">
      <node ref="MEGA2560PRO1" pin="D6"/>
    </net>
    <net code="85" name="Net-(MEGA2560PRO1-PadRST)">
      <node ref="MEGA2560PRO1" pin="RST"/>
    </net>
    <net code="86" name="Net-(MEGA2560PRO1-PadRX)">
      <node ref="MEGA2560PRO1" pin="RX"/>
    </net>
    <net code="87" name="Net-(MEGA2560PRO1-PadTX)">
      <node ref="MEGA2560PRO1" pin="TX"/>
    </net>
    <net code="88" name="Net-(MEGA2560PRO1-PadVIN@2)">
      <node ref="MEGA2560PRO1" pin="VIN@2"/>
    </net>
    <net code="89" name="Net-(J24-PadVCC)">
      <node ref="J24" pin="VCC"/>
      <node ref="MEGA2560PRO1" pin="D5"/>
    </net>
    <net code="90" name="Net-(Q1-Pad3)">
      <node ref="SW5" pin="2"/>
      <node ref="Q1" pin="3"/>
      <node ref="R14" pin="1"/>
    </net>
    <net code="91" name="Net-(Q3-Pad3)">
      <node ref="SW7" pin="2"/>
      <node ref="Q3" pin="3"/>
      <node ref="R11" pin="1"/>
    </net>
    <net code="92" name="Net-(MEGA2560PRO1-PadD21)">
      <node ref="R22" pin="2"/>
      <node ref="MEGA2560PRO1" pin="D21"/>
      <node ref="Q2-SI2" pin="1"/>
    </net>
    <net code="93" name="Net-(J1-Pad8)">
      <node ref="J1" pin="8"/>
      <node ref="R2" pin="1"/>
      <node ref="MEGA2560PRO1" pin="D2"/>
    </net>
    <net code="94" name="Net-(JP1-Pad2)">
      <node ref="MEGA2560PRO1" pin="D36"/>
      <node ref="JP1" pin="2"/>
    </net>
    <net code="95" name="Net-(JP1-Pad1)">
      <node ref="JP1" pin="1"/>
      <node ref="Q2-SI1" pin="1"/>
      <node ref="R3" pin="2"/>
    </net>
    <net code="96" name="Net-(J1-Pad1)">
      <node ref="J1" pin="1"/>
    </net>
    <net code="97" name="Net-(J1-Pad10)">
      <node ref="J13" pin="12V"/>
      <node ref="J10" pin="VCC"/>
      <node ref="J1" pin="10"/>
    </net>
    <net code="98" name="Net-(J1-Pad12)">
      <node ref="SW3" pin="1"/>
      <node ref="J1" pin="12"/>
    </net>
    <net code="99" name="Net-(J1-Pad13)">
      <node ref="J1" pin="13"/>
    </net>
    <net code="100" name="Net-(J1-Pad14)">
      <node ref="J1" pin="14"/>
    </net>
    <net code="101" name="Net-(J1-Pad16)">
      <node ref="Q1-PSW1" pin="3"/>
      <node ref="J1" pin="16"/>
    </net>
    <net code="102" name="Net-(J1-Pad9)">
      <node ref="J1" pin="9"/>
      <node ref="SW1" pin="1"/>
      <node ref="J19" pin="5V"/>
      <node ref="J3" pin="VCC"/>
      <node ref="MEGA2560PRO1" pin="VIN@1"/>
      <node ref="J22" pin="VCC"/>
      <node ref="J20" pin="1"/>
      <node ref="MEGA2560PRO1" pin="5V@1"/>
      <node ref="U1" pin="3"/>
      <node ref="J21" pin="1"/>
      <node ref="SW2" pin="2"/>
    </net>
    <net code="103" name="Net-(U1-Pad4)">
      <node ref="U1" pin="4"/>
    </net>
    <net code="104" name="Net-(J1-Pad2)">
      <node ref="J1" pin="2"/>
    </net>
    <net code="105" name="Net-(MEGA2560PRO1-PadD39)">
      <node ref="MEGA2560PRO1" pin="D39"/>
      <node ref="U1" pin="2"/>
    </net>
    <net code="107" name="Net-(J1-Pad20)">
      <node ref="J1" pin="20"/>
    </net>
    <net code="108" name="Net-(J1-Pad21)">
      <node ref="J1" pin="21"/>
    </net>
    <net code="109" name="Net-(J1-Pad22)">
      <node ref="J1" pin="22"/>
    </net>
    <net code="110" name="Net-(J1-Pad6)">
      <node ref="J1" pin="6"/>
    </net>
    <net code="111" name="Net-(Q5-Pad3)">
      <node ref="R18" pin="1"/>
      <node ref="SW4" pin="2"/>
      <node ref="Q5" pin="3"/>
    </net>
    <net code="112" name="Net-(Q1-PSW1-Pad2)">
      <node ref="Q1-PSW1" pin="2"/>
      <node ref="R4" pin="2"/>
    </net>
    <net code="113" name="Net-(MEGA2560PRO1-PadD18)">
      <node ref="SW1" pin="2"/>
      <node ref="R5" pin="1"/>
      <node ref="MEGA2560PRO1" pin="D18"/>
    </net>
    <net code="114" name="GND">
      <node ref="R17" pin="2"/>
      <node ref="Q1" pin="1"/>
      <node ref="J18" pin="GND"/>
      <node ref="Q4" pin="1"/>
      <node ref="Q2" pin="1"/>
      <node ref="JP2" pin="2"/>
      <node ref="Q3" pin="1"/>
      <node ref="J22" pin="GND"/>
      <node ref="Q2-SI2" pin="3"/>
      <node ref="J4" pin="2"/>
      <node ref="J12" pin="2"/>
      <node ref="C5" pin="1"/>
      <node ref="J20" pin="2"/>
      <node ref="J17" pin="GND"/>
      <node ref="J21" pin="3"/>
      <node ref="J16" pin="GND"/>
      <node ref="J15" pin="GND"/>
      <node ref="J14" pin="GND"/>
      <node ref="IC1" pin="1"/>
      <node ref="J1" pin="15"/>
      <node ref="J1" pin="17"/>
      <node ref="J1" pin="18"/>
      <node ref="J1" pin="19"/>
      <node ref="R21" pin="1"/>
      <node ref="R22" pin="1"/>
      <node ref="LS1" pin="2"/>
      <node ref="R16" pin="1"/>
      <node ref="J24" pin="GND"/>
      <node ref="R5" pin="2"/>
      <node ref="R1" pin="2"/>
      <node ref="R3" pin="1"/>
      <node ref="J1" pin="7"/>
      <node ref="R13" pin="1"/>
      <node ref="D2" pin="1"/>
      <node ref="J1" pin="5"/>
      <node ref="J1" pin="3"/>
      <node ref="J1" pin="24"/>
      <node ref="U1" pin="1"/>
      <node ref="J6" pin="GOUT"/>
      <node ref="J6" pin="GIN"/>
      <node ref="Q2-SI1" pin="3"/>
      <node ref="MEGA2560PRO1" pin="GND@3"/>
      <node ref="Q1-PSW1" pin="1"/>
      <node ref="J10" pin="GND"/>
      <node ref="J7" pin="GND"/>
      <node ref="J3" pin="GND"/>
      <node ref="J9" pin="GND3V3"/>
      <node ref="J9" pin="GND5"/>
      <node ref="J9" pin="GND42"/>
      <node ref="J9" pin="GND12"/>
      <node ref="J9" pin="GND012"/>
      <node ref="J5" pin="GOUT"/>
      <node ref="J5" pin="GIN"/>
      <node ref="R10" pin="1"/>
      <node ref="MEGA2560PRO1" pin="GND@1"/>
      <node ref="MEGA2560PRO1" pin="GND@2"/>
      <node ref="R6" pin="1"/>
    </net>
    <net code="115" name="Net-(J6-PadVOUT)">
      <node ref="SW5" pin="1"/>
      <node ref="J6" pin="VOUT"/>
    </net>
    <net code="116" name="Net-(J14-PadVCC)">
      <node ref="J14" pin="VCC"/>
      <node ref="J18" pin="VCC"/>
      <node ref="J17" pin="VCC"/>
      <node ref="MEGA2560PRO1" pin="5V@2"/>
      <node ref="J16" pin="VCC"/>
      <node ref="J15" pin="VCC"/>
    </net>
    <net code="117" name="Net-(J12-Pad1)">
      <node ref="J12" pin="1"/>
      <node ref="J13" pin="Ex.V"/>
    </net>
    <net code="118" name="Net-(J13-PadVOUT)">
      <node ref="J13" pin="VOUT"/>
      <node ref="J2" pin="VCC"/>
    </net>
    <net code="119" name="Net-(C5-Pad2)">
      <node ref="J7" pin="VCC"/>
      <node ref="IC1" pin="4"/>
      <node ref="C5" pin="2"/>
      <node ref="J19" pin="VOUT"/>
    </net>
    <net code="120" name="Net-(IC1-Pad5)">
      <node ref="MEGA2560PRO1" pin="D28"/>
      <node ref="IC1" pin="5"/>
      <node ref="J7" pin="SCK"/>
    </net>
    <net code="121" name="Net-(IC1-Pad6)">
      <node ref="IC1" pin="6"/>
      <node ref="MEGA2560PRO1" pin="D29"/>
    </net>
    <net code="122" name="Net-(IC1-Pad7)">
      <node ref="J7" pin="SO"/>
      <node ref="IC1" pin="7"/>
      <node ref="MEGA2560PRO1" pin="D31"/>
    </net>
  </nets>
</export>
